ID,Label
0,7
1,23
2,26
3,46
4,50
5,17
6,35
7,18
8,43
9,46
10,60
11,56
12,35
13,41
14,57
15,6
16,7
17,56
18,33
19,7
20,27
21,21
22,46
23,46
24,13
25,27
26,14
27,10
28,27
29,44
30,31
31,32
32,57
33,27
34,34
35,46
36,46
37,36
38,8
39,1
40,55
41,11
42,18
43,31
44,50
45,59
46,14
47,47
48,60
49,59
50,32
51,35
52,48
53,13
54,49
55,32
56,57
57,44
58,8
59,37
60,11
61,1
62,22
63,16
64,10
65,29
66,47
67,27
68,4
69,49
70,64
71,40
72,39
73,44
74,5
75,57
76,40
77,63
78,62
79,38
80,11
81,11
82,39
83,61
84,11
85,45
86,25
87,22
88,44
89,11
90,8
91,12
92,37
93,44
94,61
95,36
96,23
97,34
98,24
99,10
100,19
101,49
102,55
103,11
104,52
105,20
106,54
107,57
108,53
109,20
110,50
111,44
112,63
113,25
114,63
115,37
116,26
117,24
118,48
119,17
120,23
121,54
122,64
123,15
124,35
125,50
126,31
127,50
128,11
129,5
130,19
131,45
132,53
133,18
134,18
135,3
136,64
137,8
138,44
139,29
140,47
141,29
142,53
143,51
144,59
145,19
146,33
147,41
148,23
149,4
150,36
151,47
152,55
153,47
154,9
155,42
156,29
157,9
158,19
159,38
160,35
161,3
162,59
163,54
164,28
165,51
166,47
167,52
168,59
169,35
170,44
171,8
172,15
173,13
174,11
175,17
176,27
177,11
178,1
179,46
180,12
181,28
182,25
183,61
184,57
185,15
186,40
187,64
188,44
189,26
190,56
191,1
192,6
193,7
194,1
195,61
196,20
197,30
198,10
199,11
200,35
201,28
202,49
203,31
204,25
205,28
206,12
207,27
208,21
209,36
210,53
211,53
212,12
213,23
214,11
215,45
216,8
217,24
218,23
219,11
220,27
221,27
222,41
223,35
224,38
225,50
226,61
227,3
228,60
229,37
230,10
231,55
232,3
233,20
234,51
235,11
236,18
237,25
238,59
239,18
240,47
241,36
242,7
243,10
244,30
245,33
246,31
247,57
248,14
249,18
250,55
251,5
252,13
253,23
254,6
255,55
256,27
257,58
258,49
259,14
260,9
261,60
262,39
263,8
264,9
265,3
266,12
267,15
268,54
269,26
270,56
271,28
272,18
273,42
274,26
275,6
276,22
277,25
278,12
279,43
280,46
281,61
282,43
283,23
284,38
285,30
286,62
287,38
288,24
289,22
290,14
291,3
292,36
293,51
294,38
295,4
296,3
297,39
298,3
299,41
300,33
301,28
302,8
303,4
304,14
305,2
306,8
307,45
308,59
309,18
310,8
311,4
312,29
313,36
314,55
315,3
316,53
317,9
318,19
319,57
320,23
321,45
322,19
323,26
324,26
325,34
326,48
327,64
328,64
329,26
330,1
331,17
332,12
333,17
334,29
335,15
336,58
337,35
338,10
339,42
340,20
341,32
342,38
343,53
344,40
345,49
346,27
347,35
348,48
349,18
350,8
351,25
352,7
353,18
354,59
355,25
356,31
357,28
358,5
359,58
360,4
361,8
362,50
363,4
364,34
365,9
366,24
367,57
368,12
369,44
370,29
371,38
372,13
373,48
374,5
375,9
376,59
377,31
378,52
379,30
380,59
381,9
382,10
383,11
384,43
385,39
386,27
387,58
388,41
389,45
390,27
391,33
392,11
393,34
394,55
395,53
396,3
397,33
398,14
399,34
400,42
401,6
402,47
403,48
404,63
405,63
406,63
407,10
408,46
409,41
410,18
411,40
412,55
413,17
414,32
415,36
416,4
417,54
418,21
419,60
420,29
421,17
422,8
423,36
424,5
425,7
426,31
427,3
428,31
429,31
430,56
431,1
432,2
433,37
434,55
435,28
436,46
437,32
438,59
439,21
440,13
441,46
442,37
443,51
444,18
445,35
446,23
447,11
448,26
449,60
450,28
451,37
452,55
453,54
454,16
455,59
456,9
457,33
458,17
459,49
460,49
461,1
462,62
463,37
464,57
465,54
466,26
467,23
468,44
469,55
470,8
471,20
472,41
473,43
474,43
475,60
476,14
477,39
478,41
479,47
480,53
481,46
482,42
483,16
484,33
485,45
486,4
487,46
488,19
489,18
490,63
491,39
492,9
493,22
494,2
495,53
496,51
497,58
498,14
499,47
500,8
501,56
502,14
503,56
504,40
505,24
506,36
507,48
508,26
509,7
510,60
511,45
512,23
513,19
514,33
515,6
516,42
517,6
518,58
519,58
520,13
521,36
522,28
523,21
524,56
525,22
526,59
527,26
528,10
529,21
530,34
531,23
532,18
533,10
534,30
535,18
536,50
537,63
538,37
539,18
540,24
541,54
542,56
543,3
544,52
545,58
546,4
547,20
548,54
549,32
550,64
551,50
552,16
553,39
554,50
555,27
556,22
557,27
558,1
559,42
560,21
561,40
562,38
563,45
564,34
565,46
566,27
567,47
568,7
569,24
570,34
571,47
572,49
573,54
574,41
575,47
576,54
577,3
578,24
579,64
580,58
581,3
582,53
583,47
584,39
585,18
586,55
587,18
588,57
589,43
590,44
591,12
592,33
593,58
594,57
595,43
596,38
597,24
598,17
599,28
600,3
601,19
602,2
603,22
604,59
605,41
606,50
607,61
608,29
609,1
610,63
611,8
612,64
613,39
614,32
615,27
616,16
617,34
618,60
619,13
620,22
621,45
622,17
623,38
624,12
625,29
626,6
627,55
628,48
629,16
630,30
631,32
632,53
633,14
634,54
635,9
636,28
637,60
638,37
639,15
